[
{
  "pk": 1, 
  "model": "xfit.unit", 
  "fields": {
    "modified_at": "2013-07-30T06:00:00Z", 
    "created_at": "2013-07-30T06:00:00Z", 
    "plural": "pounds", 
    "title": "pound"
  }
},
{
  "pk": 2, 
  "model": "xfit.unit", 
  "fields": {
    "modified_at": "2013-07-30T06:00:00Z", 
    "created_at": "2013-07-30T06:00:00Z", 
    "plural": "reps", 
    "title": "rep"
  }
},
{
  "pk": 3, 
  "model": "xfit.unit", 
  "fields": {
    "modified_at": "2013-07-30T06:00:00Z", 
    "created_at": "2013-07-30T06:00:00Z", 
    "plural": "feet", 
    "title": "foot"
  }
},
{
  "pk": 4, 
  "model": "xfit.unit", 
  "fields": {
    "modified_at": "2013-07-30T06:00:00Z", 
    "created_at": "2013-07-30T06:00:00Z", 
    "plural": "meters", 
    "title": "meter"
  }
},
{
  "pk": 5, 
  "model": "xfit.unit", 
  "fields": {
    "modified_at": "2013-07-30T06:00:00Z", 
    "created_at": "2013-07-30T06:00:00Z", 
    "plural": "inches", 
    "title": "inch"
  }
},
{
  "pk": 6, 
  "model": "xfit.unit", 
  "fields": {
    "modified_at": "2013-08-02T01:54:41.358Z", 
    "created_at": "2013-08-02T01:54:41.358Z", 
    "plural": "seconds", 
    "title": "second"
  }
},
{
  "pk": 1, 
  "model": "xfit.gym", 
  "fields": {
    "title": "Official Crossfit", 
    "created_at": "2013-07-30T05:38:24.287Z", 
    "modified_at": "2013-08-01T23:11:59.665Z", 
    "slug": "official-crossfit", 
    "active": true, 
    "order": 0
  }
},
{
  "pk": 2, 
  "model": "xfit.gym", 
  "fields": {
    "title": "Crossfit Mt. Olympus", 
    "created_at": "2013-07-30T05:40:30.470Z", 
    "modified_at": "2013-07-31T18:54:00.524Z", 
    "slug": "crossfit-mt-olympus", 
    "active": true, 
    "order": 100
  }
},
{
  "pk": 1, 
  "model": "xfit.workout", 
  "fields": {
    "time_limit": null, 
    "is_hero": true, 
    "title": "Eva", 
    "modified_at": "2013-07-30T05:40:08.267Z", 
    "notes": "", 
    "workout_type": 2, 
    "created_at": "2013-07-30T05:40:08.267Z", 
    "slug": "eva"
  }
},
{
  "pk": 2, 
  "model": "xfit.workout", 
  "fields": {
    "time_limit": null, 
    "is_hero": false, 
    "title": "130729", 
    "modified_at": "2013-07-30T05:42:20.901Z", 
    "notes": "", 
    "workout_type": 2, 
    "created_at": "2013-07-30T05:42:20.901Z", 
    "slug": "130729"
  }
},
{
  "pk": 3, 
  "model": "xfit.workout", 
  "fields": {
    "time_limit": null, 
    "is_hero": false, 
    "title": "Rest", 
    "modified_at": "2013-07-30T16:29:27.402Z", 
    "notes": "", 
    "workout_type": 2, 
    "created_at": "2013-07-30T16:29:27.402Z", 
    "slug": "rest"
  }
},
{
  "pk": 4, 
  "model": "xfit.workout", 
  "fields": {
    "time_limit": null, 
    "is_hero": false, 
    "title": "Conditioning 130730", 
    "modified_at": "2013-07-30T20:01:37.534Z", 
    "notes": "with a partner", 
    "workout_type": 2, 
    "created_at": "2013-07-30T16:33:14.848Z", 
    "slug": "conditioning-130730"
  }
},
{
  "pk": 5, 
  "model": "xfit.workout", 
  "fields": {
    "time_limit": null, 
    "is_hero": false, 
    "title": "120501", 
    "modified_at": "2013-07-31T15:41:31.924Z", 
    "notes": "", 
    "workout_type": 3, 
    "created_at": "2013-07-31T15:41:31.924Z", 
    "slug": "120501"
  }
},
{
  "pk": 6, 
  "model": "xfit.workout", 
  "fields": {
    "time_limit": null, 
    "is_hero": false, 
    "title": "Power WOD 130731", 
    "modified_at": "2013-07-31T20:36:18.289Z", 
    "notes": "", 
    "workout_type": 3, 
    "created_at": "2013-07-31T20:36:18.289Z", 
    "slug": "power-wod-130731"
  }
},
{
  "pk": 7, 
  "model": "xfit.workout", 
  "fields": {
    "time_limit": null, 
    "is_hero": false, 
    "title": "5K", 
    "modified_at": "2013-08-01T23:06:11.807Z", 
    "notes": "", 
    "workout_type": 2, 
    "created_at": "2013-08-01T23:06:11.807Z", 
    "slug": "5k"
  }
},
{
  "pk": 8, 
  "model": "xfit.workout", 
  "fields": {
    "time_limit": null, 
    "is_hero": false, 
    "title": "7x Squat Clean", 
    "modified_at": "2013-08-02T02:00:08.965Z", 
    "notes": "go for maximum weight", 
    "workout_type": 3, 
    "created_at": "2013-08-02T01:52:46.162Z", 
    "slug": "7x-squat-clean"
  }
},
{
  "pk": 9, 
  "model": "xfit.workout", 
  "fields": {
    "time_limit": null, 
    "is_hero": false, 
    "title": "Conditioning 130801", 
    "modified_at": "2013-08-02T01:57:39.026Z", 
    "notes": "15s each, 45s rest between", 
    "workout_type": 1, 
    "created_at": "2013-08-02T01:57:39.026Z", 
    "slug": "conditioning-130801"
  }
},
{
  "pk": 1, 
  "model": "xfit.exercise", 
  "fields": {
    "created_at": "2013-07-30T05:39:18.010Z", 
    "notes": "", 
    "modified_at": "2013-07-30T05:39:18.010Z", 
    "slug": "run", 
    "title": "Run"
  }
},
{
  "pk": 2, 
  "model": "xfit.exercise", 
  "fields": {
    "created_at": "2013-07-30T05:39:41.360Z", 
    "notes": "", 
    "modified_at": "2013-07-30T05:39:41.360Z", 
    "slug": "kettle-bell-swing", 
    "title": "Kettle Bell Swing"
  }
},
{
  "pk": 3, 
  "model": "xfit.exercise", 
  "fields": {
    "created_at": "2013-07-30T05:39:47.819Z", 
    "notes": "", 
    "modified_at": "2013-07-30T16:39:44.151Z", 
    "slug": "pull-up", 
    "title": "Pull Up"
  }
},
{
  "pk": 4, 
  "model": "xfit.exercise", 
  "fields": {
    "created_at": "2013-07-30T05:41:54.675Z", 
    "notes": "", 
    "modified_at": "2013-07-30T16:39:54.102Z", 
    "slug": "muscle-up", 
    "title": "Muscle Up"
  }
},
{
  "pk": 5, 
  "model": "xfit.exercise", 
  "fields": {
    "created_at": "2013-07-30T05:42:00.871Z", 
    "notes": "", 
    "modified_at": "2013-07-30T16:40:03.629Z", 
    "slug": "deficit-handstand-push-up", 
    "title": "Deficit Handstand Push Up"
  }
},
{
  "pk": 6, 
  "model": "xfit.exercise", 
  "fields": {
    "created_at": "2013-07-30T05:42:09.987Z", 
    "notes": "", 
    "modified_at": "2013-07-30T05:42:09.987Z", 
    "slug": "overhead-walking-lunge", 
    "title": "Overhead Walking Lunge"
  }
},
{
  "pk": 7, 
  "model": "xfit.exercise", 
  "fields": {
    "created_at": "2013-07-30T16:30:48.961Z", 
    "notes": "", 
    "modified_at": "2013-07-30T16:30:48.961Z", 
    "slug": "sled-pull", 
    "title": "Sled Pull"
  }
},
{
  "pk": 8, 
  "model": "xfit.exercise", 
  "fields": {
    "created_at": "2013-07-30T16:31:36.851Z", 
    "notes": "", 
    "modified_at": "2013-07-30T16:39:38.713Z", 
    "slug": "push-up", 
    "title": "Push Up"
  }
},
{
  "pk": 9, 
  "model": "xfit.exercise", 
  "fields": {
    "created_at": "2013-07-30T16:32:01.955Z", 
    "notes": "", 
    "modified_at": "2013-07-30T16:32:01.955Z", 
    "slug": "box-jump", 
    "title": "Box Jump"
  }
},
{
  "pk": 10, 
  "model": "xfit.exercise", 
  "fields": {
    "created_at": "2013-07-30T16:32:15.073Z", 
    "notes": "", 
    "modified_at": "2013-07-30T16:32:15.073Z", 
    "slug": "air-squat", 
    "title": "Air Squat"
  }
},
{
  "pk": 11, 
  "model": "xfit.exercise", 
  "fields": {
    "created_at": "2013-07-30T16:32:43.036Z", 
    "notes": "", 
    "modified_at": "2013-07-30T16:40:08.342Z", 
    "slug": "sit-up", 
    "title": "Sit Up"
  }
},
{
  "pk": 12, 
  "model": "xfit.exercise", 
  "fields": {
    "created_at": "2013-07-31T15:41:16.929Z", 
    "notes": "", 
    "modified_at": "2013-07-31T15:41:16.929Z", 
    "slug": "shoulder-press", 
    "title": "Shoulder Press"
  }
},
{
  "pk": 13, 
  "model": "xfit.exercise", 
  "fields": {
    "created_at": "2013-07-31T20:36:04.700Z", 
    "notes": "", 
    "modified_at": "2013-07-31T20:36:04.700Z", 
    "slug": "front-squat", 
    "title": "Front Squat"
  }
},
{
  "pk": 14, 
  "model": "xfit.exercise", 
  "fields": {
    "created_at": "2013-08-02T01:52:33.870Z", 
    "notes": "", 
    "modified_at": "2013-08-02T01:52:33.870Z", 
    "slug": "squat-clean", 
    "title": "Squat Clean"
  }
},
{
  "pk": 15, 
  "model": "xfit.exercise", 
  "fields": {
    "created_at": "2013-08-02T01:53:41.359Z", 
    "notes": "", 
    "modified_at": "2013-08-02T01:53:41.359Z", 
    "slug": "thruster", 
    "title": "Thruster"
  }
},
{
  "pk": 16, 
  "model": "xfit.exercise", 
  "fields": {
    "created_at": "2013-08-02T01:54:22.605Z", 
    "notes": "", 
    "modified_at": "2013-08-02T01:54:22.604Z", 
    "slug": "rest", 
    "title": "Rest"
  }
},
{
  "pk": 17, 
  "model": "xfit.exercise", 
  "fields": {
    "created_at": "2013-08-02T01:57:21.216Z", 
    "notes": "", 
    "modified_at": "2013-08-02T01:57:21.216Z", 
    "slug": "weighted-pull-up", 
    "title": "Weighted Pull Up"
  }
},
{
  "pk": 18, 
  "model": "xfit.exercise", 
  "fields": {
    "created_at": "2013-08-02T01:57:28.925Z", 
    "notes": "", 
    "modified_at": "2013-08-02T01:57:28.925Z", 
    "slug": "burpee", 
    "title": "Burpee"
  }
},
{
  "pk": 1, 
  "model": "xfit.workoutexercise", 
  "fields": {
    "created_at": "2013-07-30T05:40:08.269Z", 
    "effort_unit": 4, 
    "modified_at": "2013-07-30T18:11:25.205Z", 
    "workout": 1, 
    "item_group": 1, 
    "reps": 1, 
    "order": 0, 
    "reps_unit": null, 
    "notes": "", 
    "effort": 800, 
    "item_group_repeats": 5, 
    "exercise": 1
  }
},
{
  "pk": 2, 
  "model": "xfit.workoutexercise", 
  "fields": {
    "created_at": "2013-07-30T05:40:08.270Z", 
    "effort_unit": 1, 
    "modified_at": "2013-07-30T18:11:25.209Z", 
    "workout": 1, 
    "item_group": 1, 
    "reps": 30, 
    "order": 1, 
    "reps_unit": 2, 
    "notes": "", 
    "effort": 70, 
    "item_group_repeats": 5, 
    "exercise": 2
  }
},
{
  "pk": 3, 
  "model": "xfit.workoutexercise", 
  "fields": {
    "created_at": "2013-07-30T05:40:08.270Z", 
    "effort_unit": null, 
    "modified_at": "2013-07-30T18:11:25.215Z", 
    "workout": 1, 
    "item_group": 1, 
    "reps": 30, 
    "order": 2, 
    "reps_unit": 2, 
    "notes": "", 
    "effort": 1, 
    "item_group_repeats": 5, 
    "exercise": 3
  }
},
{
  "pk": 4, 
  "model": "xfit.workoutexercise", 
  "fields": {
    "created_at": "2013-07-30T05:42:20.902Z", 
    "effort_unit": null, 
    "modified_at": "2013-07-30T18:11:25.151Z", 
    "workout": 2, 
    "item_group": 1, 
    "reps": 5, 
    "order": 0, 
    "reps_unit": 2, 
    "notes": "", 
    "effort": 1, 
    "item_group_repeats": 3, 
    "exercise": 4
  }
},
{
  "pk": 5, 
  "model": "xfit.workoutexercise", 
  "fields": {
    "created_at": "2013-07-30T05:42:20.903Z", 
    "effort_unit": null, 
    "modified_at": "2013-07-30T18:11:25.157Z", 
    "workout": 2, 
    "item_group": 1, 
    "reps": 5, 
    "order": 1, 
    "reps_unit": 2, 
    "notes": "", 
    "effort": 1, 
    "item_group_repeats": 3, 
    "exercise": 5
  }
},
{
  "pk": 6, 
  "model": "xfit.workoutexercise", 
  "fields": {
    "created_at": "2013-07-30T05:42:20.904Z", 
    "effort_unit": 1, 
    "modified_at": "2013-07-30T18:22:32.605Z", 
    "workout": 2, 
    "item_group": 1, 
    "reps": 90, 
    "order": 2, 
    "reps_unit": 3, 
    "notes": "with barbell", 
    "effort": 160, 
    "item_group_repeats": 3, 
    "exercise": 6
  }
},
{
  "pk": 7, 
  "model": "xfit.workoutexercise", 
  "fields": {
    "created_at": "2013-07-30T16:33:14.849Z", 
    "effort_unit": 4, 
    "modified_at": "2013-07-30T18:11:25.168Z", 
    "workout": 4, 
    "item_group": 1, 
    "reps": 1, 
    "order": 0, 
    "reps_unit": null, 
    "notes": "", 
    "effort": 400, 
    "item_group_repeats": 1, 
    "exercise": 1
  }
},
{
  "pk": 8, 
  "model": "xfit.workoutexercise", 
  "fields": {
    "created_at": "2013-07-30T16:33:14.850Z", 
    "effort_unit": 1, 
    "modified_at": "2013-07-30T18:11:25.173Z", 
    "workout": 4, 
    "item_group": 1, 
    "reps": 100, 
    "order": 1, 
    "reps_unit": 4, 
    "notes": "", 
    "effort": 135, 
    "item_group_repeats": 1, 
    "exercise": 7
  }
},
{
  "pk": 9, 
  "model": "xfit.workoutexercise", 
  "fields": {
    "created_at": "2013-07-30T16:33:14.850Z", 
    "effort_unit": null, 
    "modified_at": "2013-07-30T18:11:25.178Z", 
    "workout": 4, 
    "item_group": 1, 
    "reps": 100, 
    "order": 2, 
    "reps_unit": 2, 
    "notes": "", 
    "effort": 1, 
    "item_group_repeats": 1, 
    "exercise": 8
  }
},
{
  "pk": 10, 
  "model": "xfit.workoutexercise", 
  "fields": {
    "created_at": "2013-07-30T16:33:14.850Z", 
    "effort_unit": 5, 
    "modified_at": "2013-07-30T18:11:25.184Z", 
    "workout": 4, 
    "item_group": 1, 
    "reps": 100, 
    "order": 3, 
    "reps_unit": 2, 
    "notes": "", 
    "effort": 20, 
    "item_group_repeats": 1, 
    "exercise": 9
  }
},
{
  "pk": 11, 
  "model": "xfit.workoutexercise", 
  "fields": {
    "created_at": "2013-07-30T16:33:14.851Z", 
    "effort_unit": null, 
    "modified_at": "2013-07-30T18:11:25.189Z", 
    "workout": 4, 
    "item_group": 1, 
    "reps": 100, 
    "order": 4, 
    "reps_unit": 2, 
    "notes": "", 
    "effort": 1, 
    "item_group_repeats": 1, 
    "exercise": 10
  }
},
{
  "pk": 12, 
  "model": "xfit.workoutexercise", 
  "fields": {
    "created_at": "2013-07-30T16:33:14.851Z", 
    "effort_unit": null, 
    "modified_at": "2013-07-30T18:11:25.195Z", 
    "workout": 4, 
    "item_group": 1, 
    "reps": 100, 
    "order": 5, 
    "reps_unit": 2, 
    "notes": "", 
    "effort": 1, 
    "item_group_repeats": 1, 
    "exercise": 11
  }
},
{
  "pk": 13, 
  "model": "xfit.workoutexercise", 
  "fields": {
    "created_at": "2013-07-30T16:33:14.851Z", 
    "effort_unit": 4, 
    "modified_at": "2013-07-30T18:11:25.200Z", 
    "workout": 4, 
    "item_group": 1, 
    "reps": 1, 
    "order": 6, 
    "reps_unit": null, 
    "notes": "", 
    "effort": 400, 
    "item_group_repeats": 1, 
    "exercise": 1
  }
},
{
  "pk": 14, 
  "model": "xfit.workoutexercise", 
  "fields": {
    "created_at": "2013-07-31T15:41:31.925Z", 
    "effort_unit": null, 
    "modified_at": "2013-07-31T15:41:31.925Z", 
    "workout": 5, 
    "item_group": 1, 
    "reps": 5, 
    "order": 0, 
    "reps_unit": 2, 
    "notes": "", 
    "effort": 100, 
    "item_group_repeats": 5, 
    "exercise": 12
  }
},
{
  "pk": 15, 
  "model": "xfit.workoutexercise", 
  "fields": {
    "created_at": "2013-07-31T20:36:18.290Z", 
    "effort_unit": null, 
    "modified_at": "2013-07-31T20:36:18.290Z", 
    "workout": 6, 
    "item_group": 1, 
    "reps": 3, 
    "order": 0, 
    "reps_unit": 2, 
    "notes": "heavy, heavy, heavy!", 
    "effort": 1, 
    "item_group_repeats": 3, 
    "exercise": 13
  }
},
{
  "pk": 16, 
  "model": "xfit.workoutexercise", 
  "fields": {
    "created_at": "2013-08-01T23:06:11.809Z", 
    "effort_unit": 4, 
    "modified_at": "2013-08-01T23:06:11.808Z", 
    "workout": 7, 
    "item_group": 1, 
    "reps": 1, 
    "order": 0, 
    "reps_unit": null, 
    "notes": "", 
    "effort": 5000, 
    "item_group_repeats": 1, 
    "exercise": 1
  }
},
{
  "pk": 17, 
  "model": "xfit.workoutexercise", 
  "fields": {
    "created_at": "2013-08-02T01:52:46.163Z", 
    "effort_unit": 1, 
    "modified_at": "2013-08-02T02:00:08.971Z", 
    "workout": 8, 
    "item_group": 1, 
    "reps": 1, 
    "order": 0, 
    "reps_unit": 2, 
    "notes": "", 
    "effort": 0, 
    "item_group_repeats": 7, 
    "exercise": 14
  }
},
{
  "pk": 18, 
  "model": "xfit.workoutexercise", 
  "fields": {
    "created_at": "2013-08-02T01:57:39.027Z", 
    "effort_unit": 1, 
    "modified_at": "2013-08-02T01:57:39.027Z", 
    "workout": 9, 
    "item_group": 1, 
    "reps": 1, 
    "order": 0, 
    "reps_unit": null, 
    "notes": "", 
    "effort": 135, 
    "item_group_repeats": 5, 
    "exercise": 15
  }
},
{
  "pk": 19, 
  "model": "xfit.workoutexercise", 
  "fields": {
    "created_at": "2013-08-02T01:57:39.028Z", 
    "effort_unit": 1, 
    "modified_at": "2013-08-02T01:57:39.028Z", 
    "workout": 9, 
    "item_group": 1, 
    "reps": 1, 
    "order": 1, 
    "reps_unit": null, 
    "notes": "", 
    "effort": 25, 
    "item_group_repeats": 5, 
    "exercise": 17
  }
},
{
  "pk": 20, 
  "model": "xfit.workoutexercise", 
  "fields": {
    "created_at": "2013-08-02T01:57:39.029Z", 
    "effort_unit": null, 
    "modified_at": "2013-08-02T01:57:39.029Z", 
    "workout": 9, 
    "item_group": 1, 
    "reps": 1, 
    "order": 2, 
    "reps_unit": null, 
    "notes": "", 
    "effort": 1, 
    "item_group_repeats": 5, 
    "exercise": 18
  }
},
{
  "pk": 1, 
  "model": "xfit.workoutoftheday", 
  "fields": {
    "created_at": "2013-07-30T05:40:20.323Z", 
    "gym": 2, 
    "modified_at": "2013-07-30T05:40:20.323Z", 
    "workout": 1, 
    "day": "2013-07-29"
  }
},
{
  "pk": 2, 
  "model": "xfit.workoutoftheday", 
  "fields": {
    "created_at": "2013-07-30T05:42:26.450Z", 
    "gym": 1, 
    "modified_at": "2013-07-30T05:42:26.450Z", 
    "workout": 2, 
    "day": "2013-07-29"
  }
},
{
  "pk": 3, 
  "model": "xfit.workoutoftheday", 
  "fields": {
    "created_at": "2013-07-30T16:29:32.628Z", 
    "gym": 1, 
    "modified_at": "2013-07-30T16:29:32.628Z", 
    "workout": 3, 
    "day": "2013-07-30"
  }
},
{
  "pk": 4, 
  "model": "xfit.workoutoftheday", 
  "fields": {
    "created_at": "2013-07-30T16:33:20.612Z", 
    "gym": 2, 
    "modified_at": "2013-07-30T16:33:20.612Z", 
    "workout": 4, 
    "day": "2013-07-30"
  }
},
{
  "pk": 5, 
  "model": "xfit.workoutoftheday", 
  "fields": {
    "created_at": "2013-07-31T15:41:41.508Z", 
    "gym": 1, 
    "modified_at": "2013-07-31T15:41:41.508Z", 
    "workout": 5, 
    "day": "2013-07-31"
  }
},
{
  "pk": 6, 
  "model": "xfit.workoutoftheday", 
  "fields": {
    "created_at": "2013-07-31T20:38:30.831Z", 
    "gym": 2, 
    "modified_at": "2013-07-31T20:38:30.831Z", 
    "workout": 6, 
    "day": "2013-07-30"
  }
},
{
  "pk": 7, 
  "model": "xfit.workoutoftheday", 
  "fields": {
    "created_at": "2013-08-01T23:06:28.875Z", 
    "gym": 1, 
    "modified_at": "2013-08-01T23:06:28.874Z", 
    "workout": 7, 
    "day": "2013-08-01"
  }
},
{
  "pk": 8, 
  "model": "xfit.workoutoftheday", 
  "fields": {
    "created_at": "2013-08-02T01:52:49.775Z", 
    "gym": 2, 
    "modified_at": "2013-08-02T01:52:49.775Z", 
    "workout": 8, 
    "day": "2013-08-01"
  }
},
{
  "pk": 9, 
  "model": "xfit.workoutoftheday", 
  "fields": {
    "created_at": "2013-08-02T01:58:23.333Z", 
    "gym": 2, 
    "modified_at": "2013-08-02T01:58:23.333Z", 
    "workout": 9, 
    "day": "2013-08-01"
  }
}
]
