[
{
  "pk": 1, 
  "model": "xfit.unit", 
  "fields": {
    "modified_at": "2013-07-30T06:00:00Z", 
    "created_at": "2013-07-30T06:00:00Z", 
    "plural": "pounds", 
    "title": "pound"
  }
},
{
  "pk": 2, 
  "model": "xfit.unit", 
  "fields": {
    "modified_at": "2013-07-30T06:00:00Z", 
    "created_at": "2013-07-30T06:00:00Z", 
    "plural": "reps", 
    "title": "rep"
  }
},
{
  "pk": 3, 
  "model": "xfit.unit", 
  "fields": {
    "modified_at": "2013-07-30T06:00:00Z", 
    "created_at": "2013-07-30T06:00:00Z", 
    "plural": "feet", 
    "title": "foot"
  }
},
{
  "pk": 4, 
  "model": "xfit.unit", 
  "fields": {
    "modified_at": "2013-07-30T06:00:00Z", 
    "created_at": "2013-07-30T06:00:00Z", 
    "plural": "meters", 
    "title": "meter"
  }
},
{
  "pk": 5, 
  "model": "xfit.unit", 
  "fields": {
    "modified_at": "2013-07-30T06:00:00Z", 
    "created_at": "2013-07-30T06:00:00Z", 
    "plural": "inches", 
    "title": "inch"
  }
},
{
  "pk": 6, 
  "model": "xfit.unit", 
  "fields": {
    "modified_at": "2013-08-02T01:54:41.358Z", 
    "created_at": "2013-08-02T01:54:41.358Z", 
    "plural": "seconds", 
    "title": "second"
  }
},
{
  "pk": 1, 
  "model": "xfit.gym", 
  "fields": {
    "phone_number": "", 
    "website": "http://crossfit.com/", 
    "title": "Official Crossfit", 
    "created_at": "2013-07-30T05:38:24.287Z", 
    "modified_at": "2013-08-02T19:50:33.874Z", 
    "order": 0, 
    "active": true, 
    "email_address": "", 
    "slug": "official-crossfit"
  }
},
{
  "pk": 2, 
  "model": "xfit.gym", 
  "fields": {
    "phone_number": "+1 (801) 935-4032", 
    "website": "http://crossfitmtolympus.com/", 
    "title": "Crossfit Mt. Olympus", 
    "created_at": "2013-07-30T05:40:30.470Z", 
    "modified_at": "2013-08-02T19:54:45.361Z", 
    "order": 100, 
    "active": true, 
    "email_address": "info@crossfitmtolympus.com", 
    "slug": "crossfit-mt-olympus"
  }
},
{
  "pk": 1, 
  "model": "xfit.gymlocation", 
  "fields": {
    "phone_number": "+1 (801) 935-4032", 
    "city": "Salt Lake City", 
    "title": "Headquarters", 
    "address1": "2687 Preston St", 
    "gym": 2, 
    "modified_at": "2013-08-02T19:54:45.365Z", 
    "longitude": "-111.834936000", 
    "slug": "headquarters", 
    "website": "http://crossfitmtolympus.com/", 
    "latitude": "40.713303000", 
    "state": "UT", 
    "postal_code": "84106", 
    "country": "", 
    "active": true, 
    "created_at": "2013-08-02T16:55:55.279Z", 
    "email_address": "info@crossfitmtolympus.com", 
    "address2": ""
  }
},
{
  "pk": 1, 
  "model": "xfit.workout", 
  "fields": {
    "time_limit": null, 
    "is_hero": true, 
    "title": "Eva", 
    "high_round_divisor": 1, 
    "modified_at": "2013-08-05T17:16:20.581Z", 
    "notes": "", 
    "workout_type": 2, 
    "created_at": "2013-07-30T05:40:08.267Z", 
    "slug": "eva"
  }
},
{
  "pk": 2, 
  "model": "xfit.workout", 
  "fields": {
    "time_limit": null, 
    "is_hero": false, 
    "title": "130729", 
    "high_round_divisor": 1, 
    "modified_at": "2013-08-05T17:15:23.685Z", 
    "notes": "", 
    "workout_type": 2, 
    "created_at": "2013-07-30T05:42:20.901Z", 
    "slug": "130729"
  }
},
{
  "pk": 3, 
  "model": "xfit.workout", 
  "fields": {
    "time_limit": null, 
    "is_hero": false, 
    "title": "Rest", 
    "high_round_divisor": 1, 
    "modified_at": "2013-07-30T16:29:27.402Z", 
    "notes": "", 
    "workout_type": 2, 
    "created_at": "2013-07-30T16:29:27.402Z", 
    "slug": "rest"
  }
},
{
  "pk": 4, 
  "model": "xfit.workout", 
  "fields": {
    "time_limit": null, 
    "is_hero": false, 
    "title": "Conditioning 130730", 
    "high_round_divisor": 1, 
    "modified_at": "2013-08-05T17:15:51.415Z", 
    "notes": "with a partner", 
    "workout_type": 2, 
    "created_at": "2013-07-30T16:33:14.848Z", 
    "slug": "conditioning-130730"
  }
},
{
  "pk": 5, 
  "model": "xfit.workout", 
  "fields": {
    "time_limit": null, 
    "is_hero": false, 
    "title": "120501", 
    "high_round_divisor": 1, 
    "modified_at": "2013-08-05T17:15:16.952Z", 
    "notes": "", 
    "workout_type": 3, 
    "created_at": "2013-07-31T15:41:31.924Z", 
    "slug": "120501"
  }
},
{
  "pk": 6, 
  "model": "xfit.workout", 
  "fields": {
    "time_limit": null, 
    "is_hero": false, 
    "title": "Power WOD 130731", 
    "high_round_divisor": 1, 
    "modified_at": "2013-08-05T17:16:29.499Z", 
    "notes": "", 
    "workout_type": 3, 
    "created_at": "2013-07-31T20:36:18.289Z", 
    "slug": "power-wod-130731"
  }
},
{
  "pk": 7, 
  "model": "xfit.workout", 
  "fields": {
    "time_limit": null, 
    "is_hero": false, 
    "title": "5K", 
    "high_round_divisor": 1, 
    "modified_at": "2013-08-05T17:15:28.842Z", 
    "notes": "", 
    "workout_type": 2, 
    "created_at": "2013-08-01T23:06:11.807Z", 
    "slug": "5k"
  }
},
{
  "pk": 8, 
  "model": "xfit.workout", 
  "fields": {
    "time_limit": null, 
    "is_hero": false, 
    "title": "7x Squat Clean", 
    "high_round_divisor": 1, 
    "modified_at": "2013-08-05T17:15:33.986Z", 
    "notes": "", 
    "workout_type": 3, 
    "created_at": "2013-08-02T01:52:46.162Z", 
    "slug": "7x-squat-clean"
  }
},
{
  "pk": 9, 
  "model": "xfit.workout", 
  "fields": {
    "time_limit": null, 
    "is_hero": false, 
    "title": "Conditioning 130801", 
    "high_round_divisor": 1, 
    "modified_at": "2013-08-05T17:15:56.225Z", 
    "notes": "15s each, 45s rest between", 
    "workout_type": 1, 
    "created_at": "2013-08-02T01:57:39.026Z", 
    "slug": "conditioning-130801"
  }
},
{
  "pk": 10, 
  "model": "xfit.workout", 
  "fields": {
    "time_limit": null, 
    "is_hero": false, 
    "title": "5x5 Push Press", 
    "high_round_divisor": 1, 
    "modified_at": "2013-08-05T17:15:31.532Z", 
    "notes": "", 
    "workout_type": 3, 
    "created_at": "2013-08-02T15:02:34.701Z", 
    "slug": "5x5-push-press"
  }
},
{
  "pk": 11, 
  "model": "xfit.workout", 
  "fields": {
    "time_limit": null, 
    "is_hero": false, 
    "title": "Conditioning 130802", 
    "high_round_divisor": 1, 
    "modified_at": "2013-08-05T17:16:05.481Z", 
    "notes": "", 
    "workout_type": 2, 
    "created_at": "2013-08-02T15:04:57.800Z", 
    "slug": "conditioning-130802"
  }
},
{
  "pk": 12, 
  "model": "xfit.workout", 
  "fields": {
    "time_limit": null, 
    "is_hero": false, 
    "title": "Tabata Something Else", 
    "high_round_divisor": 32, 
    "modified_at": "2013-08-05T17:16:37.620Z", 
    "notes": "20 seconds on, 10 second rest, 32 rounds", 
    "workout_type": 1, 
    "created_at": "2013-08-02T15:07:40.857Z", 
    "slug": "tabata-something-else"
  }
},
{
  "pk": 13, 
  "model": "xfit.workout", 
  "fields": {
    "time_limit": null, 
    "is_hero": false, 
    "title": "Max Strict Pull Ups", 
    "high_round_divisor": 1, 
    "modified_at": "2013-08-05T17:16:27.048Z", 
    "notes": "", 
    "workout_type": 1, 
    "created_at": "2013-08-05T16:51:14.774Z", 
    "slug": "max-strict-pull-ups"
  }
},
{
  "pk": 14, 
  "model": "xfit.workout", 
  "fields": {
    "time_limit": "00:10:00", 
    "is_hero": false, 
    "title": "Conditioning 130805", 
    "high_round_divisor": 1, 
    "modified_at": "2013-08-05T17:16:11.585Z", 
    "notes": "", 
    "workout_type": 1, 
    "created_at": "2013-08-05T17:07:48.726Z", 
    "slug": "conditioning-130805"
  }
},
{
  "pk": 15, 
  "model": "xfit.workout", 
  "fields": {
    "time_limit": null, 
    "is_hero": false, 
    "title": "050831", 
    "high_round_divisor": 1, 
    "modified_at": "2013-08-05T17:15:02.761Z", 
    "notes": "for each set, touch and go at ground only", 
    "workout_type": 3, 
    "created_at": "2013-08-05T17:11:54.525Z", 
    "slug": "050831"
  }
},
{
  "pk": 16, 
  "model": "xfit.workout", 
  "fields": {
    "time_limit": null, 
    "is_hero": true, 
    "title": "Kelly", 
    "high_round_divisor": 1, 
    "modified_at": "2013-08-05T17:16:23.763Z", 
    "notes": "", 
    "workout_type": 2, 
    "created_at": "2013-08-05T17:14:39.810Z", 
    "slug": "kelly"
  }
},
{
  "pk": 1, 
  "model": "xfit.exercise", 
  "fields": {
    "created_at": "2013-07-30T05:39:18.010Z", 
    "notes": "", 
    "modified_at": "2013-07-30T05:39:18.010Z", 
    "slug": "run", 
    "title": "Run"
  }
},
{
  "pk": 2, 
  "model": "xfit.exercise", 
  "fields": {
    "created_at": "2013-07-30T05:39:41.360Z", 
    "notes": "", 
    "modified_at": "2013-07-30T05:39:41.360Z", 
    "slug": "kettle-bell-swing", 
    "title": "Kettle Bell Swing"
  }
},
{
  "pk": 3, 
  "model": "xfit.exercise", 
  "fields": {
    "created_at": "2013-07-30T05:39:47.819Z", 
    "notes": "", 
    "modified_at": "2013-07-30T16:39:44.151Z", 
    "slug": "pull-up", 
    "title": "Pull Up"
  }
},
{
  "pk": 4, 
  "model": "xfit.exercise", 
  "fields": {
    "created_at": "2013-07-30T05:41:54.675Z", 
    "notes": "", 
    "modified_at": "2013-07-30T16:39:54.102Z", 
    "slug": "muscle-up", 
    "title": "Muscle Up"
  }
},
{
  "pk": 5, 
  "model": "xfit.exercise", 
  "fields": {
    "created_at": "2013-07-30T05:42:00.871Z", 
    "notes": "", 
    "modified_at": "2013-07-30T16:40:03.629Z", 
    "slug": "deficit-handstand-push-up", 
    "title": "Deficit Handstand Push Up"
  }
},
{
  "pk": 6, 
  "model": "xfit.exercise", 
  "fields": {
    "created_at": "2013-07-30T05:42:09.987Z", 
    "notes": "", 
    "modified_at": "2013-07-30T05:42:09.987Z", 
    "slug": "overhead-walking-lunge", 
    "title": "Overhead Walking Lunge"
  }
},
{
  "pk": 7, 
  "model": "xfit.exercise", 
  "fields": {
    "created_at": "2013-07-30T16:30:48.961Z", 
    "notes": "", 
    "modified_at": "2013-07-30T16:30:48.961Z", 
    "slug": "sled-pull", 
    "title": "Sled Pull"
  }
},
{
  "pk": 8, 
  "model": "xfit.exercise", 
  "fields": {
    "created_at": "2013-07-30T16:31:36.851Z", 
    "notes": "", 
    "modified_at": "2013-07-30T16:39:38.713Z", 
    "slug": "push-up", 
    "title": "Push Up"
  }
},
{
  "pk": 9, 
  "model": "xfit.exercise", 
  "fields": {
    "created_at": "2013-07-30T16:32:01.955Z", 
    "notes": "", 
    "modified_at": "2013-07-30T16:32:01.955Z", 
    "slug": "box-jump", 
    "title": "Box Jump"
  }
},
{
  "pk": 10, 
  "model": "xfit.exercise", 
  "fields": {
    "created_at": "2013-07-30T16:32:15.073Z", 
    "notes": "", 
    "modified_at": "2013-07-30T16:32:15.073Z", 
    "slug": "air-squat", 
    "title": "Air Squat"
  }
},
{
  "pk": 11, 
  "model": "xfit.exercise", 
  "fields": {
    "created_at": "2013-07-30T16:32:43.036Z", 
    "notes": "", 
    "modified_at": "2013-07-30T16:40:08.342Z", 
    "slug": "sit-up", 
    "title": "Sit Up"
  }
},
{
  "pk": 12, 
  "model": "xfit.exercise", 
  "fields": {
    "created_at": "2013-07-31T15:41:16.929Z", 
    "notes": "", 
    "modified_at": "2013-07-31T15:41:16.929Z", 
    "slug": "shoulder-press", 
    "title": "Shoulder Press"
  }
},
{
  "pk": 13, 
  "model": "xfit.exercise", 
  "fields": {
    "created_at": "2013-07-31T20:36:04.700Z", 
    "notes": "", 
    "modified_at": "2013-07-31T20:36:04.700Z", 
    "slug": "front-squat", 
    "title": "Front Squat"
  }
},
{
  "pk": 14, 
  "model": "xfit.exercise", 
  "fields": {
    "created_at": "2013-08-02T01:52:33.870Z", 
    "notes": "", 
    "modified_at": "2013-08-02T01:52:33.870Z", 
    "slug": "squat-clean", 
    "title": "Squat Clean"
  }
},
{
  "pk": 15, 
  "model": "xfit.exercise", 
  "fields": {
    "created_at": "2013-08-02T01:53:41.359Z", 
    "notes": "", 
    "modified_at": "2013-08-02T01:53:41.359Z", 
    "slug": "thruster", 
    "title": "Thruster"
  }
},
{
  "pk": 16, 
  "model": "xfit.exercise", 
  "fields": {
    "created_at": "2013-08-02T01:54:22.605Z", 
    "notes": "", 
    "modified_at": "2013-08-02T01:54:22.604Z", 
    "slug": "rest", 
    "title": "Rest"
  }
},
{
  "pk": 17, 
  "model": "xfit.exercise", 
  "fields": {
    "created_at": "2013-08-02T01:57:21.216Z", 
    "notes": "weighted", 
    "modified_at": "2013-08-05T16:51:59.213Z", 
    "slug": "pull-up-weighted", 
    "title": "Pull Up"
  }
},
{
  "pk": 18, 
  "model": "xfit.exercise", 
  "fields": {
    "created_at": "2013-08-02T01:57:28.925Z", 
    "notes": "", 
    "modified_at": "2013-08-02T01:57:28.925Z", 
    "slug": "burpee", 
    "title": "Burpee"
  }
},
{
  "pk": 19, 
  "model": "xfit.exercise", 
  "fields": {
    "created_at": "2013-08-02T15:02:31.174Z", 
    "notes": "", 
    "modified_at": "2013-08-02T15:02:31.173Z", 
    "slug": "push-press", 
    "title": "Push Press"
  }
},
{
  "pk": 20, 
  "model": "xfit.exercise", 
  "fields": {
    "created_at": "2013-08-02T15:03:46.851Z", 
    "notes": "", 
    "modified_at": "2013-08-02T15:03:46.851Z", 
    "slug": "row", 
    "title": "Row"
  }
},
{
  "pk": 21, 
  "model": "xfit.exercise", 
  "fields": {
    "created_at": "2013-08-02T15:04:12.799Z", 
    "notes": "", 
    "modified_at": "2013-08-02T15:04:12.799Z", 
    "slug": "overhead-squats", 
    "title": "Overhead Squats"
  }
},
{
  "pk": 22, 
  "model": "xfit.exercise", 
  "fields": {
    "created_at": "2013-08-02T15:04:40.823Z", 
    "notes": "", 
    "modified_at": "2013-08-02T15:04:40.823Z", 
    "slug": "med-ball-sit-up", 
    "title": "Med Ball Sit Up"
  }
},
{
  "pk": 23, 
  "model": "xfit.exercise", 
  "fields": {
    "created_at": "2013-08-02T15:07:21.781Z", 
    "notes": "", 
    "modified_at": "2013-08-02T15:07:21.781Z", 
    "slug": "squat", 
    "title": "Squat"
  }
},
{
  "pk": 24, 
  "model": "xfit.exercise", 
  "fields": {
    "created_at": "2013-08-05T16:50:36.518Z", 
    "notes": "strict", 
    "modified_at": "2013-08-05T16:51:52.113Z", 
    "slug": "pull-up-strict", 
    "title": "Pull Up"
  }
},
{
  "pk": 25, 
  "model": "xfit.exercise", 
  "fields": {
    "created_at": "2013-08-05T17:07:12.325Z", 
    "notes": "", 
    "modified_at": "2013-08-05T17:07:12.325Z", 
    "slug": "power-clean", 
    "title": "Power Clean"
  }
},
{
  "pk": 26, 
  "model": "xfit.exercise", 
  "fields": {
    "created_at": "2013-08-05T17:07:41.132Z", 
    "notes": "", 
    "modified_at": "2013-08-05T17:07:41.132Z", 
    "slug": "shoulder-overhead", 
    "title": "Shoulder-to-Overhead"
  }
},
{
  "pk": 27, 
  "model": "xfit.exercise", 
  "fields": {
    "created_at": "2013-08-05T17:11:16.371Z", 
    "notes": "", 
    "modified_at": "2013-08-05T17:11:16.371Z", 
    "slug": "deadlift", 
    "title": "Deadlift"
  }
},
{
  "pk": 28, 
  "model": "xfit.exercise", 
  "fields": {
    "created_at": "2013-08-05T17:14:16.022Z", 
    "notes": "", 
    "modified_at": "2013-08-05T17:14:16.022Z", 
    "slug": "wall-ball-shot", 
    "title": "Wall Ball Shot"
  }
},
{
  "pk": 1, 
  "model": "xfit.workoutexercise", 
  "fields": {
    "created_at": "2013-07-30T05:40:08.269Z", 
    "effort_unit": 4, 
    "modified_at": "2013-08-05T17:16:20.588Z", 
    "workout": 1, 
    "item_group": 1, 
    "reps": 1, 
    "order": 1, 
    "reps_unit": null, 
    "notes": "", 
    "effort": 800, 
    "item_group_repeats": 5, 
    "exercise": 1
  }
},
{
  "pk": 2, 
  "model": "xfit.workoutexercise", 
  "fields": {
    "created_at": "2013-07-30T05:40:08.270Z", 
    "effort_unit": 1, 
    "modified_at": "2013-08-05T17:16:20.592Z", 
    "workout": 1, 
    "item_group": 1, 
    "reps": 30, 
    "order": 2, 
    "reps_unit": 2, 
    "notes": "", 
    "effort": 70, 
    "item_group_repeats": 5, 
    "exercise": 2
  }
},
{
  "pk": 3, 
  "model": "xfit.workoutexercise", 
  "fields": {
    "created_at": "2013-07-30T05:40:08.270Z", 
    "effort_unit": null, 
    "modified_at": "2013-08-05T17:16:20.595Z", 
    "workout": 1, 
    "item_group": 1, 
    "reps": 30, 
    "order": 3, 
    "reps_unit": 2, 
    "notes": "", 
    "effort": 1, 
    "item_group_repeats": 5, 
    "exercise": 3
  }
},
{
  "pk": 4, 
  "model": "xfit.workoutexercise", 
  "fields": {
    "created_at": "2013-07-30T05:42:20.902Z", 
    "effort_unit": null, 
    "modified_at": "2013-08-05T17:15:23.692Z", 
    "workout": 2, 
    "item_group": 1, 
    "reps": 5, 
    "order": 1, 
    "reps_unit": 2, 
    "notes": "", 
    "effort": 1, 
    "item_group_repeats": 3, 
    "exercise": 4
  }
},
{
  "pk": 5, 
  "model": "xfit.workoutexercise", 
  "fields": {
    "created_at": "2013-07-30T05:42:20.903Z", 
    "effort_unit": null, 
    "modified_at": "2013-08-05T17:15:23.695Z", 
    "workout": 2, 
    "item_group": 1, 
    "reps": 5, 
    "order": 2, 
    "reps_unit": 2, 
    "notes": "", 
    "effort": 1, 
    "item_group_repeats": 3, 
    "exercise": 5
  }
},
{
  "pk": 6, 
  "model": "xfit.workoutexercise", 
  "fields": {
    "created_at": "2013-07-30T05:42:20.904Z", 
    "effort_unit": 1, 
    "modified_at": "2013-08-05T17:15:23.699Z", 
    "workout": 2, 
    "item_group": 1, 
    "reps": 90, 
    "order": 3, 
    "reps_unit": 3, 
    "notes": "with barbell", 
    "effort": 160, 
    "item_group_repeats": 3, 
    "exercise": 6
  }
},
{
  "pk": 7, 
  "model": "xfit.workoutexercise", 
  "fields": {
    "created_at": "2013-07-30T16:33:14.849Z", 
    "effort_unit": 4, 
    "modified_at": "2013-08-05T17:15:51.421Z", 
    "workout": 4, 
    "item_group": 1, 
    "reps": 1, 
    "order": 1, 
    "reps_unit": null, 
    "notes": "", 
    "effort": 400, 
    "item_group_repeats": 1, 
    "exercise": 1
  }
},
{
  "pk": 8, 
  "model": "xfit.workoutexercise", 
  "fields": {
    "created_at": "2013-07-30T16:33:14.850Z", 
    "effort_unit": 1, 
    "modified_at": "2013-08-05T17:15:51.424Z", 
    "workout": 4, 
    "item_group": 1, 
    "reps": 100, 
    "order": 2, 
    "reps_unit": 4, 
    "notes": "", 
    "effort": 135, 
    "item_group_repeats": 1, 
    "exercise": 7
  }
},
{
  "pk": 9, 
  "model": "xfit.workoutexercise", 
  "fields": {
    "created_at": "2013-07-30T16:33:14.850Z", 
    "effort_unit": null, 
    "modified_at": "2013-08-05T17:15:51.427Z", 
    "workout": 4, 
    "item_group": 1, 
    "reps": 100, 
    "order": 3, 
    "reps_unit": 2, 
    "notes": "", 
    "effort": 1, 
    "item_group_repeats": 1, 
    "exercise": 8
  }
},
{
  "pk": 10, 
  "model": "xfit.workoutexercise", 
  "fields": {
    "created_at": "2013-07-30T16:33:14.850Z", 
    "effort_unit": 5, 
    "modified_at": "2013-08-05T17:15:51.430Z", 
    "workout": 4, 
    "item_group": 1, 
    "reps": 100, 
    "order": 4, 
    "reps_unit": 2, 
    "notes": "", 
    "effort": 20, 
    "item_group_repeats": 1, 
    "exercise": 9
  }
},
{
  "pk": 11, 
  "model": "xfit.workoutexercise", 
  "fields": {
    "created_at": "2013-07-30T16:33:14.851Z", 
    "effort_unit": null, 
    "modified_at": "2013-08-05T17:15:51.433Z", 
    "workout": 4, 
    "item_group": 1, 
    "reps": 100, 
    "order": 5, 
    "reps_unit": 2, 
    "notes": "", 
    "effort": 1, 
    "item_group_repeats": 1, 
    "exercise": 10
  }
},
{
  "pk": 12, 
  "model": "xfit.workoutexercise", 
  "fields": {
    "created_at": "2013-07-30T16:33:14.851Z", 
    "effort_unit": null, 
    "modified_at": "2013-08-05T17:15:51.436Z", 
    "workout": 4, 
    "item_group": 1, 
    "reps": 100, 
    "order": 6, 
    "reps_unit": 2, 
    "notes": "", 
    "effort": 1, 
    "item_group_repeats": 1, 
    "exercise": 11
  }
},
{
  "pk": 13, 
  "model": "xfit.workoutexercise", 
  "fields": {
    "created_at": "2013-07-30T16:33:14.851Z", 
    "effort_unit": 4, 
    "modified_at": "2013-08-05T17:15:51.439Z", 
    "workout": 4, 
    "item_group": 1, 
    "reps": 1, 
    "order": 7, 
    "reps_unit": null, 
    "notes": "", 
    "effort": 400, 
    "item_group_repeats": 1, 
    "exercise": 1
  }
},
{
  "pk": 14, 
  "model": "xfit.workoutexercise", 
  "fields": {
    "created_at": "2013-07-31T15:41:31.925Z", 
    "effort_unit": null, 
    "modified_at": "2013-08-05T17:15:16.957Z", 
    "workout": 5, 
    "item_group": 1, 
    "reps": 5, 
    "order": 1, 
    "reps_unit": 2, 
    "notes": "", 
    "effort": 100, 
    "item_group_repeats": 5, 
    "exercise": 12
  }
},
{
  "pk": 15, 
  "model": "xfit.workoutexercise", 
  "fields": {
    "created_at": "2013-07-31T20:36:18.290Z", 
    "effort_unit": null, 
    "modified_at": "2013-08-05T17:16:29.504Z", 
    "workout": 6, 
    "item_group": 1, 
    "reps": 3, 
    "order": 1, 
    "reps_unit": 2, 
    "notes": "heavy, heavy, heavy!", 
    "effort": 1, 
    "item_group_repeats": 3, 
    "exercise": 13
  }
},
{
  "pk": 16, 
  "model": "xfit.workoutexercise", 
  "fields": {
    "created_at": "2013-08-01T23:06:11.809Z", 
    "effort_unit": 4, 
    "modified_at": "2013-08-05T17:15:28.847Z", 
    "workout": 7, 
    "item_group": 1, 
    "reps": 1, 
    "order": 1, 
    "reps_unit": null, 
    "notes": "", 
    "effort": 5000, 
    "item_group_repeats": 1, 
    "exercise": 1
  }
},
{
  "pk": 17, 
  "model": "xfit.workoutexercise", 
  "fields": {
    "created_at": "2013-08-02T01:52:46.163Z", 
    "effort_unit": 1, 
    "modified_at": "2013-08-05T17:15:33.992Z", 
    "workout": 8, 
    "item_group": 1, 
    "reps": 1, 
    "order": 1, 
    "reps_unit": 2, 
    "notes": "", 
    "effort": 0, 
    "item_group_repeats": 7, 
    "exercise": 14
  }
},
{
  "pk": 18, 
  "model": "xfit.workoutexercise", 
  "fields": {
    "created_at": "2013-08-02T01:57:39.027Z", 
    "effort_unit": 1, 
    "modified_at": "2013-08-05T17:15:56.231Z", 
    "workout": 9, 
    "item_group": 1, 
    "reps": 0, 
    "order": 1, 
    "reps_unit": 2, 
    "notes": "", 
    "effort": 135, 
    "item_group_repeats": 5, 
    "exercise": 15
  }
},
{
  "pk": 19, 
  "model": "xfit.workoutexercise", 
  "fields": {
    "created_at": "2013-08-02T01:57:39.028Z", 
    "effort_unit": 1, 
    "modified_at": "2013-08-05T17:15:56.235Z", 
    "workout": 9, 
    "item_group": 1, 
    "reps": 0, 
    "order": 2, 
    "reps_unit": 2, 
    "notes": "", 
    "effort": 25, 
    "item_group_repeats": 5, 
    "exercise": 17
  }
},
{
  "pk": 20, 
  "model": "xfit.workoutexercise", 
  "fields": {
    "created_at": "2013-08-02T01:57:39.029Z", 
    "effort_unit": null, 
    "modified_at": "2013-08-05T17:15:56.239Z", 
    "workout": 9, 
    "item_group": 1, 
    "reps": 0, 
    "order": 3, 
    "reps_unit": 2, 
    "notes": "", 
    "effort": 1, 
    "item_group_repeats": 5, 
    "exercise": 18
  }
},
{
  "pk": 21, 
  "model": "xfit.workoutexercise", 
  "fields": {
    "created_at": "2013-08-02T15:02:34.703Z", 
    "effort_unit": 1, 
    "modified_at": "2013-08-05T17:15:31.537Z", 
    "workout": 10, 
    "item_group": 1, 
    "reps": 5, 
    "order": 1, 
    "reps_unit": 2, 
    "notes": "", 
    "effort": 0, 
    "item_group_repeats": 5, 
    "exercise": 19
  }
},
{
  "pk": 22, 
  "model": "xfit.workoutexercise", 
  "fields": {
    "created_at": "2013-08-02T15:04:57.801Z", 
    "effort_unit": 4, 
    "modified_at": "2013-08-05T17:16:05.488Z", 
    "workout": 11, 
    "item_group": 1, 
    "reps": 1, 
    "order": 1, 
    "reps_unit": null, 
    "notes": "", 
    "effort": 1500, 
    "item_group_repeats": 1, 
    "exercise": 20
  }
},
{
  "pk": 23, 
  "model": "xfit.workoutexercise", 
  "fields": {
    "created_at": "2013-08-02T15:04:57.802Z", 
    "effort_unit": 1, 
    "modified_at": "2013-08-05T17:16:05.491Z", 
    "workout": 11, 
    "item_group": 1, 
    "reps": 30, 
    "order": 2, 
    "reps_unit": 2, 
    "notes": "", 
    "effort": 115, 
    "item_group_repeats": 1, 
    "exercise": 21
  }
},
{
  "pk": 24, 
  "model": "xfit.workoutexercise", 
  "fields": {
    "created_at": "2013-08-02T15:04:57.803Z", 
    "effort_unit": 1, 
    "modified_at": "2013-08-05T17:16:05.495Z", 
    "workout": 11, 
    "item_group": 1, 
    "reps": 60, 
    "order": 3, 
    "reps_unit": 2, 
    "notes": "", 
    "effort": 20, 
    "item_group_repeats": 1, 
    "exercise": 22
  }
},
{
  "pk": 25, 
  "model": "xfit.workoutexercise", 
  "fields": {
    "created_at": "2013-08-02T15:07:40.858Z", 
    "effort_unit": null, 
    "modified_at": "2013-08-05T17:16:37.627Z", 
    "workout": 12, 
    "item_group": 1, 
    "reps": 0, 
    "order": 1, 
    "reps_unit": 2, 
    "notes": "", 
    "effort": 100, 
    "item_group_repeats": 1, 
    "exercise": 3
  }
},
{
  "pk": 26, 
  "model": "xfit.workoutexercise", 
  "fields": {
    "created_at": "2013-08-02T15:07:40.859Z", 
    "effort_unit": null, 
    "modified_at": "2013-08-05T17:16:37.631Z", 
    "workout": 12, 
    "item_group": 1, 
    "reps": 0, 
    "order": 2, 
    "reps_unit": 2, 
    "notes": "", 
    "effort": 100, 
    "item_group_repeats": 1, 
    "exercise": 8
  }
},
{
  "pk": 27, 
  "model": "xfit.workoutexercise", 
  "fields": {
    "created_at": "2013-08-02T15:07:40.860Z", 
    "effort_unit": null, 
    "modified_at": "2013-08-05T17:16:37.635Z", 
    "workout": 12, 
    "item_group": 1, 
    "reps": 0, 
    "order": 3, 
    "reps_unit": 2, 
    "notes": "", 
    "effort": 100, 
    "item_group_repeats": 1, 
    "exercise": 11
  }
},
{
  "pk": 28, 
  "model": "xfit.workoutexercise", 
  "fields": {
    "created_at": "2013-08-02T15:07:40.860Z", 
    "effort_unit": null, 
    "modified_at": "2013-08-05T17:16:37.638Z", 
    "workout": 12, 
    "item_group": 1, 
    "reps": 0, 
    "order": 4, 
    "reps_unit": 2, 
    "notes": "", 
    "effort": 100, 
    "item_group_repeats": 1, 
    "exercise": 23
  }
},
{
  "pk": 29, 
  "model": "xfit.workoutexercise", 
  "fields": {
    "created_at": "2013-08-05T16:51:14.807Z", 
    "effort_unit": null, 
    "modified_at": "2013-08-05T17:16:27.053Z", 
    "workout": 13, 
    "item_group": 1, 
    "reps": 0, 
    "order": 1, 
    "reps_unit": 2, 
    "notes": "", 
    "effort": 1, 
    "item_group_repeats": 1, 
    "exercise": 24
  }
},
{
  "pk": 30, 
  "model": "xfit.workoutexercise", 
  "fields": {
    "created_at": "2013-08-05T17:07:48.728Z", 
    "effort_unit": 1, 
    "modified_at": "2013-08-05T17:16:11.591Z", 
    "workout": 14, 
    "item_group": 1, 
    "reps": 12, 
    "order": 1, 
    "reps_unit": 2, 
    "notes": "", 
    "effort": 95, 
    "item_group_repeats": 1, 
    "exercise": 25
  }
},
{
  "pk": 31, 
  "model": "xfit.workoutexercise", 
  "fields": {
    "created_at": "2013-08-05T17:07:48.729Z", 
    "effort_unit": 1, 
    "modified_at": "2013-08-05T17:16:11.595Z", 
    "workout": 14, 
    "item_group": 1, 
    "reps": 10, 
    "order": 2, 
    "reps_unit": 2, 
    "notes": "", 
    "effort": 95, 
    "item_group_repeats": 1, 
    "exercise": 13
  }
},
{
  "pk": 32, 
  "model": "xfit.workoutexercise", 
  "fields": {
    "created_at": "2013-08-05T17:07:48.729Z", 
    "effort_unit": 1, 
    "modified_at": "2013-08-05T17:16:11.599Z", 
    "workout": 14, 
    "item_group": 1, 
    "reps": 8, 
    "order": 3, 
    "reps_unit": 2, 
    "notes": "", 
    "effort": 95, 
    "item_group_repeats": 1, 
    "exercise": 26
  }
},
{
  "pk": 33, 
  "model": "xfit.workoutexercise", 
  "fields": {
    "created_at": "2013-08-05T17:11:54.526Z", 
    "effort_unit": 1, 
    "modified_at": "2013-08-05T17:15:00.949Z", 
    "workout": 15, 
    "item_group": 1, 
    "reps": 7, 
    "order": 1, 
    "reps_unit": 2, 
    "notes": "", 
    "effort": 0, 
    "item_group_repeats": 7, 
    "exercise": 27
  }
},
{
  "pk": 34, 
  "model": "xfit.workoutexercise", 
  "fields": {
    "created_at": "2013-08-05T17:14:39.812Z", 
    "effort_unit": 4, 
    "modified_at": "2013-08-05T17:14:39.812Z", 
    "workout": 16, 
    "item_group": 1, 
    "reps": 1, 
    "order": 1, 
    "reps_unit": null, 
    "notes": "", 
    "effort": 400, 
    "item_group_repeats": 5, 
    "exercise": 1
  }
},
{
  "pk": 35, 
  "model": "xfit.workoutexercise", 
  "fields": {
    "created_at": "2013-08-05T17:14:39.813Z", 
    "effort_unit": 5, 
    "modified_at": "2013-08-05T17:14:39.813Z", 
    "workout": 16, 
    "item_group": 1, 
    "reps": 30, 
    "order": 2, 
    "reps_unit": 2, 
    "notes": "", 
    "effort": 24, 
    "item_group_repeats": 5, 
    "exercise": 9
  }
},
{
  "pk": 36, 
  "model": "xfit.workoutexercise", 
  "fields": {
    "created_at": "2013-08-05T17:14:39.813Z", 
    "effort_unit": 1, 
    "modified_at": "2013-08-05T17:14:39.813Z", 
    "workout": 16, 
    "item_group": 1, 
    "reps": 30, 
    "order": 3, 
    "reps_unit": 2, 
    "notes": "", 
    "effort": 20, 
    "item_group_repeats": 5, 
    "exercise": 28
  }
},
{
  "pk": 1, 
  "model": "xfit.workoutoftheday", 
  "fields": {
    "created_at": "2013-07-30T05:40:20.323Z", 
    "gym": 2, 
    "modified_at": "2013-07-30T05:40:20.323Z", 
    "workout": 1, 
    "day": "2013-07-29"
  }
},
{
  "pk": 2, 
  "model": "xfit.workoutoftheday", 
  "fields": {
    "created_at": "2013-07-30T05:42:26.450Z", 
    "gym": 1, 
    "modified_at": "2013-07-30T05:42:26.450Z", 
    "workout": 2, 
    "day": "2013-07-29"
  }
},
{
  "pk": 3, 
  "model": "xfit.workoutoftheday", 
  "fields": {
    "created_at": "2013-07-30T16:29:32.628Z", 
    "gym": 1, 
    "modified_at": "2013-07-30T16:29:32.628Z", 
    "workout": 3, 
    "day": "2013-07-30"
  }
},
{
  "pk": 4, 
  "model": "xfit.workoutoftheday", 
  "fields": {
    "created_at": "2013-07-30T16:33:20.612Z", 
    "gym": 2, 
    "modified_at": "2013-07-30T16:33:20.612Z", 
    "workout": 4, 
    "day": "2013-07-30"
  }
},
{
  "pk": 5, 
  "model": "xfit.workoutoftheday", 
  "fields": {
    "created_at": "2013-07-31T15:41:41.508Z", 
    "gym": 1, 
    "modified_at": "2013-07-31T15:41:41.508Z", 
    "workout": 5, 
    "day": "2013-07-31"
  }
},
{
  "pk": 6, 
  "model": "xfit.workoutoftheday", 
  "fields": {
    "created_at": "2013-07-31T20:38:30.831Z", 
    "gym": 2, 
    "modified_at": "2013-07-31T20:38:30.831Z", 
    "workout": 6, 
    "day": "2013-07-30"
  }
},
{
  "pk": 7, 
  "model": "xfit.workoutoftheday", 
  "fields": {
    "created_at": "2013-08-01T23:06:28.875Z", 
    "gym": 1, 
    "modified_at": "2013-08-01T23:06:28.874Z", 
    "workout": 7, 
    "day": "2013-08-01"
  }
},
{
  "pk": 8, 
  "model": "xfit.workoutoftheday", 
  "fields": {
    "created_at": "2013-08-02T01:52:49.775Z", 
    "gym": 2, 
    "modified_at": "2013-08-02T01:52:49.775Z", 
    "workout": 8, 
    "day": "2013-08-01"
  }
},
{
  "pk": 9, 
  "model": "xfit.workoutoftheday", 
  "fields": {
    "created_at": "2013-08-02T01:58:23.333Z", 
    "gym": 2, 
    "modified_at": "2013-08-02T01:58:23.333Z", 
    "workout": 9, 
    "day": "2013-08-01"
  }
},
{
  "pk": 10, 
  "model": "xfit.workoutoftheday", 
  "fields": {
    "created_at": "2013-08-02T15:03:05.459Z", 
    "gym": 2, 
    "modified_at": "2013-08-02T15:03:05.459Z", 
    "workout": 10, 
    "day": "2013-08-02"
  }
},
{
  "pk": 11, 
  "model": "xfit.workoutoftheday", 
  "fields": {
    "created_at": "2013-08-02T15:05:47.185Z", 
    "gym": 2, 
    "modified_at": "2013-08-02T15:05:47.185Z", 
    "workout": 11, 
    "day": "2013-08-02"
  }
},
{
  "pk": 12, 
  "model": "xfit.workoutoftheday", 
  "fields": {
    "created_at": "2013-08-02T15:07:50.678Z", 
    "gym": 1, 
    "modified_at": "2013-08-02T15:07:50.678Z", 
    "workout": 12, 
    "day": "2013-08-02"
  }
},
{
  "pk": 13, 
  "model": "xfit.workoutoftheday", 
  "fields": {
    "created_at": "2013-08-05T16:51:20.174Z", 
    "gym": 2, 
    "modified_at": "2013-08-05T16:51:20.174Z", 
    "workout": 13, 
    "day": "2013-08-05"
  }
},
{
  "pk": 14, 
  "model": "xfit.workoutoftheday", 
  "fields": {
    "created_at": "2013-08-05T17:08:05.361Z", 
    "gym": 2, 
    "modified_at": "2013-08-05T17:08:05.361Z", 
    "workout": 14, 
    "day": "2013-08-05"
  }
},
{
  "pk": 15, 
  "model": "xfit.workoutoftheday", 
  "fields": {
    "created_at": "2013-08-05T17:10:18.698Z", 
    "gym": 1, 
    "modified_at": "2013-08-05T17:10:18.697Z", 
    "workout": 3, 
    "day": "2013-08-03"
  }
},
{
  "pk": 16, 
  "model": "xfit.workoutoftheday", 
  "fields": {
    "created_at": "2013-08-05T17:12:04.874Z", 
    "gym": 1, 
    "modified_at": "2013-08-05T17:12:04.874Z", 
    "workout": 15, 
    "day": "2013-08-04"
  }
},
{
  "pk": 17, 
  "model": "xfit.workoutoftheday", 
  "fields": {
    "created_at": "2013-08-05T17:14:45.204Z", 
    "gym": 1, 
    "modified_at": "2013-08-05T17:14:45.204Z", 
    "workout": 16, 
    "day": "2013-08-05"
  }
}
]
